"Lambda","MAE","RMSE","MAPE","Model_Specification"
-0.671631864249139,4.06426001963349,5.41890590456566,6.70352255548385,"0,1,4"
