"Model","MAE","RMSE","MAPE"
"Original Scale",4.02573679669321,5.28693454005525,6.71152977293815
"Box-Cox Transformed",4.06426001963349,5.41890590456566,6.70352255548385
